"source","target","weight","edge_type"
"3D Geometry","Counting Triangles","1","cooccurrence"
"3D Visualization","Logical Deduction (Constraint System)","3","cooccurrence"
"3D Visualization","Opposite Faces","3","cooccurrence"
"Adaptation Funding","Climate Finance & Policy","1","cooccurrence"
"Adaptation Funding","Development Needs","1","cooccurrence"
"Adult-Child Equivalence","Linear Ratio","1","cooccurrence"
"Age","Age Problems","1","cooccurrence"
"Age","Average","1","cooccurrence"
"Age","Logical Deduction (Constraint System)","1","cooccurrence"
"Age Problems","Average","1","cooccurrence"
"Age Problems","Linear Equations","1","cooccurrence"
"Age Problems","Logical Deduction (Constraint System)","3","cooccurrence"
"Age Problems","Ratio","1","cooccurrence"
"Agricultural Employment","Agriculture Dependence & Demography","1","cooccurrence"
"Agricultural Employment","Population Growth","1","cooccurrence"
"Agricultural Extension","Climate Adaptation & Food Security","1","cooccurrence"
"Agricultural Extension","Integrated Pest Management","1","cooccurrence"
"Agricultural Productivity","Food Security & Nutrition","1","cooccurrence"
"Agricultural Productivity","Malnutrition","1","cooccurrence"
"Agriculture Dependence & Demography","Population Growth","1","cooccurrence"
"Agriculture Emissions","Climate Change & Land Use","1","cooccurrence"
"Agriculture Emissions","Deforestation","1","cooccurrence"
"Agro-biodiversity","Ecoagriculture & Biodiversity","1","cooccurrence"
"Agro-biodiversity","Sustainable Farming","1","cooccurrence"
"Agro-biodiversity & Food Security","Green Revolution","1","cooccurrence"
"Agro-biodiversity & Food Security","Monocropping","1","cooccurrence"
"Agrobiodiversity Loss","Crop Diversity","1","cooccurrence"
"Agrobiodiversity Loss","Food Security","1","cooccurrence"
"Air Pollution & AQI","Air Quality Index","1","cooccurrence"
"Air Pollution & AQI","Health Impacts of Air Pollution","1","cooccurrence"
"Air Quality Index","Health Impacts of Air Pollution","1","cooccurrence"
"Algebra","Divisibility Rule","1","cooccurrence"
"Algebra","Logical Deduction (Constraint System)","3","cooccurrence"
"Algebra","Max Area","1","cooccurrence"
"Algebra","Word Problems","1","cooccurrence"
"Algebraic Comparison","Fractions","1","cooccurrence"
"Algebraic Comparison","Logical Deduction (Constraint System)","1","cooccurrence"
"Algebraic Reasoning","Income Comparison","1","cooccurrence"
"Allowances","Logical Deduction (Constraint System)","1","cooccurrence"
"Allowances","Ratio","1","cooccurrence"
"Antarctic Climate Change","Glacier Melt","1","cooccurrence"
"Antarctic Climate Change","Marine Biodiversity","1","cooccurrence"
"Arctic Geopolitics & Resources","Polar Governance","1","cooccurrence"
"Arctic Geopolitics & Resources","Resource Competition","1","cooccurrence"
"Arctic Sea Ice","Climate Change & Polar Ecosystems","1","cooccurrence"
"Arctic Sea Ice","Polar Bears","1","cooccurrence"
"Area","Diagonal","1","cooccurrence"
"Area","Logical Deduction (Constraint System)","1","cooccurrence"
"Area","Squares","1","cooccurrence"
"Area Probability","Circles","1","cooccurrence"
"Arithmetic Logic","Logical Deduction (Constraint System)","1","cooccurrence"
"Arithmetic Logic","Pattern Recognition","1","cooccurrence"
"Arithmetic Progression","Logical Deduction (Constraint System)","2","cooccurrence"
"Arithmetic Progression","Mean of Consecutive Numbers","1","cooccurrence"
"Arithmetic Progression","Time Measurement","1","cooccurrence"
"Arithmetic Series","Sum of Distances","1","cooccurrence"
"Arrangement Restrictions","Counting","1","cooccurrence"
"Arrangement Restrictions","Logical Deduction (Constraint System)","1","cooccurrence"
"Arrangements","Logical Deduction (Constraint System)","1","cooccurrence"
"Arrangements","Restrictions","1","cooccurrence"
"Aspirations","Consumerism & Environmental Sustainability","1","cooccurrence"
"Aspirations","Ecological Limits","1","cooccurrence"
"Assignment Constraints","Logic Grid","9","cooccurrence"
"Assignment Constraints","Logic Puzzles","10","cooccurrence"
"Assignment Constraints","Set Relations","1","cooccurrence"
"Average","Income","1","cooccurrence"
"Average","Logical Deduction (Constraint System)","3","cooccurrence"
"Average","Ratio","1","cooccurrence"
"Average Weight","Family","1","cooccurrence"
"Average Weight","Logical Deduction (Constraint System)","1","cooccurrence"
"Banking Access","Financial Inclusion","1","cooccurrence"
"Banking Access","Inclusive Finance","1","cooccurrence"
"Banking Correspondents","Financial Inclusion","1","cooccurrence"
"Banking Correspondents","Financial Literacy","1","cooccurrence"
"Bar Graph","Difference Calculation","1","cooccurrence"
"Bar Graph","Graph","1","cooccurrence"
"Bar Graph","Logical Deduction (Constraint System)","1","cooccurrence"
"Basic Probability","Logical Deduction (Constraint System)","1","cooccurrence"
"Basic Probability","Weighted Outcomes","1","cooccurrence"
"Behavioral Habits","Habit Formation","1","cooccurrence"
"Behavioral Habits","Routine & Efficiency","1","cooccurrence"
"Best-Worst","Positional Reasoning","1","cooccurrence"
"Big Data & Digital Sovereignty","Data Monopoly","2","cooccurrence"
"Big Data & Digital Sovereignty","Digital Trade","2","cooccurrence"
"Binary Sequences","Binary Strings","1","cooccurrence"
"Binary Sequences","Combinatorics","1","cooccurrence"
"Binary Sequences","Logical Deduction (Constraint System)","1","cooccurrence"
"Binary Strings","Combinatorics","1","cooccurrence"
"Binary Strings","Logical Deduction (Constraint System)","1","cooccurrence"
"Biodiversity","Disturbed Habitats","1","cooccurrence"
"Biodiversity","Invasive Species","1","cooccurrence"
"Biodiversity & Climate Adaptation","Ecosystem Resilience","2","cooccurrence"
"Biodiversity & Climate Adaptation","Genetic Diversity","2","cooccurrence"
"Biodiversity & Hydrological Cycle","Ecosystem Services","1","cooccurrence"
"Biodiversity & Hydrological Cycle","Water Cycle","1","cooccurrence"
"Bioenergy Sustainability","Biomass Energy","2","cooccurrence"
"Bioenergy Sustainability","Biomass Limits","1","cooccurrence"
"Bioenergy Sustainability","Climate-Energy Models","1","cooccurrence"
"Bioenergy Sustainability","Food Security","1","cooccurrence"
"Bioenergy Sustainability","Food vs Fuel","1","cooccurrence"
"Bioenergy Sustainability","Negative Emissions","1","cooccurrence"
"Bioenergy Sustainability","Sustainable Biofuels","1","cooccurrence"
"Biomass Energy","Food Security","1","cooccurrence"
"Biomass Energy","Food vs Fuel","1","cooccurrence"
"Biomass Limits","Climate-Energy Models","1","cooccurrence"
"Birth Rate","Death Rate","1","cooccurrence"
"Birth Rate","Migration","1","cooccurrence"
"Birth/Death Rates","Population","1","cooccurrence"
"Birth/Death Rates","Trend Analysis","1","cooccurrence"
"Blood Relations","Family Tree","2","cooccurrence"
"Blood Relations","Logical Deductions","1","cooccurrence"
"Blood Relations","Relation Symbols","1","cooccurrence"
"Borrowing","Logical Deduction (Constraint System)","1","cooccurrence"
"Borrowing","Percent Shortfall","1","cooccurrence"
"Botanical Pesticides & Sustainable Agriculture","Ecological Balance","1","cooccurrence"
"Botanical Pesticides & Sustainable Agriculture","Synthetic Pesticides","1","cooccurrence"
"Broken Tree","Distance","1","cooccurrence"
"Broken Tree","Right Triangle","1","cooccurrence"
"Calendar","Dates","1","cooccurrence"
"Calendar","Leap Year","1","cooccurrence"
"Calendar","Logical Deduction (Constraint System)","3","cooccurrence"
"Calendar","Pattern Recognition","1","cooccurrence"
"Calendar","Weekday Counting","1","cooccurrence"
"Calendar Arithmetic","Weekday Counting","1","cooccurrence"
"Capacity","Logical Deduction (Constraint System)","1","cooccurrence"
"Capacity","Volume","1","cooccurrence"
"Carbon Cycle & Soil Carbon","CO2 Feedbacks","1","cooccurrence"
"Carbon Cycle & Soil Carbon","Soil Carbon","1","cooccurrence"
"Carbon Sequestration","Soil Degradation","1","cooccurrence"
"Carbon Sequestration","Soil Erosion & Food Security","1","cooccurrence"
"Child Nutrition","Gut Microbiome","2","cooccurrence"
"Child Nutrition","Microbiome & Malnutrition","2","cooccurrence"
"Circles","Combinatorics","1","cooccurrence"
"Circles","Equilateral Triangles","1","cooccurrence"
"Circles","Logical Deduction (Constraint System)","1","cooccurrence"
"Circular","Circular Motion","2","cooccurrence"
"Circular","Logical Deduction (Constraint System)","1","cooccurrence"
"Circular","Relative Speed","2","cooccurrence"
"Circular Motion","Logical Deduction (Constraint System)","1","cooccurrence"
"Circular Motion","Relative Speed","2","cooccurrence"
"Citizen Rights","Political Theory","1","cooccurrence"
"Citizenship Duties","Communalism","1","cooccurrence"
"Citizenship Duties","National Integration & Civic Responsibility","1","cooccurrence"
"Citizenship Duties","Social Cohesion","1","cooccurrence"
"Civic Participation & Voting Duty","Electoral Responsibility","1","cooccurrence"
"Civic Participation & Voting Duty","Political Participation","1","cooccurrence"
"Civil Services Reform","Governance Accountability","4","cooccurrence"
"Civil Services Reform","Internal vs External Accountability","4","cooccurrence"
"Clean Cooking Fuels","Health Impacts","1","cooccurrence"
"Clean Cooking Fuels","Household Air Pollution","1","cooccurrence"
"Climate Adaptation","Climate Change & Agriculture","1","cooccurrence"
"Climate Adaptation","Crop Shifts","1","cooccurrence"
"Climate Adaptation & Food Security","Integrated Pest Management","1","cooccurrence"
"Climate Change","Crop Diversity & Food Security","1","cooccurrence"
"Climate Change","Monoculture Risks","1","cooccurrence"
"Climate Change & Agriculture","Crop Shifts","1","cooccurrence"
"Climate Change & Land Use","Deforestation","1","cooccurrence"
"Climate Change & Migration","Climate Refugees","1","cooccurrence"
"Climate Change & Migration","Environmental Risk","1","cooccurrence"
"Climate Change & Polar Ecosystems","Polar Bears","1","cooccurrence"
"Climate Change & Resource Conflicts","Political Conflict","1","cooccurrence"
"Climate Change & Resource Conflicts","Resource Scarcity","1","cooccurrence"
"Climate Change & Resource Conflicts","Water Conflicts","1","cooccurrence"
"Climate Finance & Policy","Development Needs","1","cooccurrence"
"Climate Refugees","Environmental Risk","1","cooccurrence"
"Climate Risk & Investments","Extreme Weather","1","cooccurrence"
"Climate Risk & Investments","Stranded Assets","1","cooccurrence"
"Climate Vulnerability","Food Security","2","cooccurrence"
"Climate Vulnerability","Smallholder Farmers & Climate Risk","2","cooccurrence"
"Clock Error","Logical Deduction (Constraint System)","2","cooccurrence"
"Clock Error","Time Difference","2","cooccurrence"
"CO2 Feedbacks","Soil Carbon","1","cooccurrence"
"Code Patterns","Letter Substitution","1","cooccurrence"
"Code Patterns","Letter-Number Mapping","1","cooccurrence"
"Code Patterns","Logical Deduction (Constraint System)","2","cooccurrence"
"Coding-Decoding","Symbol-Number Mapping","1","cooccurrence"
"Coin Change","Combinations","1","cooccurrence"
"Coin Change","Logical Deduction (Constraint System)","1","cooccurrence"
"Color Arrangements","Counting","1","cooccurrence"
"Color Arrangements","Logical Deduction (Constraint System)","1","cooccurrence"
"Combinations","Logical Deduction (Constraint System)","2","cooccurrence"
"Combinations","Minimum Draws","1","cooccurrence"
"Combinations","Pigeonhole Principle","1","cooccurrence"
"Combinatorics","Equilateral Triangles","1","cooccurrence"
"Combinatorics","Geometry","1","cooccurrence"
"Combinatorics","Logical Deduction (Constraint System)","2","cooccurrence"
"Combined Work","Work Rates","1","cooccurrence"
"Communalism","National Integration & Civic Responsibility","1","cooccurrence"
"Communalism","Social Cohesion","1","cooccurrence"
"Community Solidarity","Justice","2","cooccurrence"
"Community Solidarity","Rights and Duties","2","cooccurrence"
"Comparative Analysis","Graph","1","cooccurrence"
"Comparative Analysis","Logical Deduction (Constraint System)","1","cooccurrence"
"Comparative Analysis","Ratio","1","cooccurrence"
"Comparative Statements","Inequalities","1","cooccurrence"
"Comparative Statements","Order","2","cooccurrence"
"Comparative Statements","Ranking & Inequalities","1","cooccurrence"
"Comparison","Percentage Difference","1","cooccurrence"
"Concentration","Logical Deduction (Constraint System)","1","cooccurrence"
"Concentration","Ratio","1","cooccurrence"
"Conclusions","Logical Inference","1","cooccurrence"
"Conclusions","Logical Validity","1","cooccurrence"
"Conclusions","Statement & Conclusion","2","cooccurrence"
"Consent of the Governed","Popular Sovereignty","1","cooccurrence"
"Consent of the Governed","Social Contract","1","cooccurrence"
"Conservation of Quantity","Net Change","1","cooccurrence"
"Constraint Satisfaction","Logical Sufficiency","1","cooccurrence"
"Constraints","Logical Deduction (Constraint System)","4","cooccurrence"
"Constraints","Ordering","6","cooccurrence"
"Consumerism & Environmental Sustainability","Ecological Limits","1","cooccurrence"
"Coordinate Movement","Grid Navigation","1","cooccurrence"
"Coordinates","Distance Formula","1","cooccurrence"
"Coordinates","Logical Deduction (Constraint System)","1","cooccurrence"
"Corrected Mean","Error","1","cooccurrence"
"Corrected Mean","Logical Deduction (Constraint System)","1","cooccurrence"
"Cost Price","Logical Deduction (Constraint System)","1","cooccurrence"
"Cost Price","Percentage Profit/Loss","1","cooccurrence"
"Cost Ratios","Linear Equations","1","cooccurrence"
"Cost Ratios","Logical Deduction (Constraint System)","1","cooccurrence"
"Cost-Volume","Profit-Loss","1","cooccurrence"
"Counting","Cubes","2","cooccurrence"
"Counting","Digit Inequalities","1","cooccurrence"
"Counting","Digit Patterns","1","cooccurrence"
"Counting","Logical Deduction (Constraint System)","7","cooccurrence"
"Counting","Numbers","1","cooccurrence"
"Counting","Painted Cubes","4","cooccurrence"
"Counting","Place Value","1","cooccurrence"
"Counting Parallelograms","Grid","1","cooccurrence"
"Counting Parallelograms","Logical Deduction (Constraint System)","1","cooccurrence"
"Creativity","Leisure and Human Progress","1","cooccurrence"
"Creativity","Technological Progress","1","cooccurrence"
"Crony Capitalism","Market Distortions","1","cooccurrence"
"Crony Capitalism","Oligarchies","1","cooccurrence"
"Crop Diversity","Food Security","1","cooccurrence"
"Crop Diversity & Food Security","Monoculture Risks","1","cooccurrence"
"Crop Resilience","GM Technology & IPR","2","cooccurrence"
"Crop Resilience","Intellectual Property","2","cooccurrence"
"Cube","Surface Area","1","cooccurrence"
"Cubes","Logical Deduction (Constraint System)","1","cooccurrence"
"Cubes","Painted Cubes","2","cooccurrence"
"Curricular Reform","Right to Education & Quality","5","cooccurrence"
"Curricular Reform","Universal Access","5","cooccurrence"
"Cybersecurity","Device Vulnerabilities","1","cooccurrence"
"Cybersecurity","IoT Security","1","cooccurrence"
"Cyclic Scheduling","LCM","1","cooccurrence"
"Cyclic Scheduling","LCM / Cyclic Scheduling","1","cooccurrence"
"Data Monopoly","Digital Trade","2","cooccurrence"
"Data Sufficiency","Logical Deduction","1","cooccurrence"
"Dates","Logical Deduction (Constraint System)","1","cooccurrence"
"Dates","Pattern Recognition","1","cooccurrence"
"Death Rate","Migration","1","cooccurrence"
"Decision-Making","Leadership Development","1","cooccurrence"
"Decision-Making","Leadership Training","1","cooccurrence"
"Decision-Making & Perseverance","Indecision","1","cooccurrence"
"Decision-Making & Perseverance","Perseverance","1","cooccurrence"
"Decision-Making & Perseverance","Resolution","1","cooccurrence"
"Deductive Logic","Statement Evaluation","2","cooccurrence"
"Defect Percentage","Logical Deduction (Constraint System)","1","cooccurrence"
"Defect Percentage","Work Rates","1","cooccurrence"
"Democratic Leadership","Dictatorship","1","cooccurrence"
"Democratic Leadership","Leadership & Political Legitimacy","1","cooccurrence"
"Democratic Legitimacy","Democratic Political Maturity","1","cooccurrence"
"Democratic Legitimacy","Sovereignty","1","cooccurrence"
"Democratic Political Maturity","Sovereignty","1","cooccurrence"
"Demography","Dependency Ratio","1","cooccurrence"
"Demography","Workforce Trend","1","cooccurrence"
"Dependency Ratio","Workforce Trend","1","cooccurrence"
"Desertification & Deforestation","Hydrology Changes","3","cooccurrence"
"Desertification & Deforestation","Soil Degradation","3","cooccurrence"
"Device Vulnerabilities","IoT Security","1","cooccurrence"
"Devolution & Decentralization","Grassroots Participation","1","cooccurrence"
"Devolution & Decentralization","Political Legitimacy","1","cooccurrence"
"Diagonal","Logical Deduction (Constraint System)","1","cooccurrence"
"Diagonal","Squares","1","cooccurrence"
"Diagonals","Geometry","1","cooccurrence"
"Diagonals","Polygon Diagonals","1","cooccurrence"
"Dictatorship","Leadership & Political Legitimacy","1","cooccurrence"
"Dietary Choices","Resource Use","1","cooccurrence"
"Dietary Choices","Sustainable Diets & Resources","1","cooccurrence"
"Difference","Digit Reversal","1","cooccurrence"
"Difference","Logical Deduction (Constraint System)","1","cooccurrence"
"Difference Calculation","Graph","1","cooccurrence"
"Difference Calculation","Logical Deduction (Constraint System)","1","cooccurrence"
"Differences","Logical Deduction (Constraint System)","1","cooccurrence"
"Differences","Sequence","1","cooccurrence"
"Digit Arithmetic","Logical Deduction (Constraint System)","1","cooccurrence"
"Digit Arithmetic","Missing Digits","1","cooccurrence"
"Digit Constraints","Logical Deduction (Constraint System)","1","cooccurrence"
"Digit Constraints","Number Formation","1","cooccurrence"
"Digit Count","Logical Deduction (Constraint System)","1","cooccurrence"
"Digit Count","Numbering","1","cooccurrence"
"Digit Counting","Logical Deduction (Constraint System)","1","cooccurrence"
"Digit Counting","Page Numbers","1","cooccurrence"
"Digit Inequalities","Logical Deduction (Constraint System)","1","cooccurrence"
"Digit Patterns","Logical Deduction (Constraint System)","1","cooccurrence"
"Digit Patterns","Numbers","1","cooccurrence"
"Digit Reversal","Divisibility","1","cooccurrence"
"Digit Reversal","Logical Deduction (Constraint System)","3","cooccurrence"
"Digit Reversal","Remainders","1","cooccurrence"
"Digital Society & Governance","Digital Technologies","1","cooccurrence"
"Digital Society & Governance","Social Transformation","1","cooccurrence"
"Digital Technologies","Social Transformation","1","cooccurrence"
"Direct vs Indirect Taxes","Tax Revenue","1","cooccurrence"
"Direct vs Indirect Taxes","Trend Analysis","1","cooccurrence"
"Directed Graph","Graph Paths","3","cooccurrence"
"Directed Graph","Route Constraints","3","cooccurrence"
"Direction Sense","Net Displacement","1","cooccurrence"
"Direction Sense","Path Tracking","1","cooccurrence"
"Discount","Logical Deduction (Constraint System)","1","cooccurrence"
"Discount","Marked Price","1","cooccurrence"
"Discount","Profit","1","cooccurrence"
"Displacement","Distance","1","cooccurrence"
"Displacement","Logical Deduction (Constraint System)","1","cooccurrence"
"Displacement","Pythagoras","1","cooccurrence"
"Distance","Logical Deduction (Constraint System)","2","cooccurrence"
"Distance","Percent of Total","1","cooccurrence"
"Distance","Pythagoras","1","cooccurrence"
"Distance","Right Triangle","1","cooccurrence"
"Distance Formula","Logical Deduction (Constraint System)","2","cooccurrence"
"Distance Formula","Right-Angled Triangles","1","cooccurrence"
"Disturbed Habitats","Invasive Species","1","cooccurrence"
"Divisibility","Logical Deduction (Constraint System)","2","cooccurrence"
"Divisibility","Modulo","1","cooccurrence"
"Divisibility","Number Properties","1","cooccurrence"
"Divisibility Rule","Logical Deduction (Constraint System)","1","cooccurrence"
"Domestication","Genetic Adaptation","1","cooccurrence"
"Domestication","Human Evolution & Lactose Tolerance","1","cooccurrence"
"Ecoagriculture & Biodiversity","Sustainable Farming","1","cooccurrence"
"Ecological Balance","Synthetic Pesticides","1","cooccurrence"
"Economic Competitiveness","Regulation & Economic Growth","2","cooccurrence"
"Economic Competitiveness","Regulatory Policy","2","cooccurrence"
"Economic Deprivation","Historical Injustice & Social Discrimination","2","cooccurrence"
"Economic Deprivation","Social Discrimination","2","cooccurrence"
"Economic Deprivation","Untouchability","2","cooccurrence"
"Economic Development","Middle-Income Trap","1","cooccurrence"
"Economic Development","Productivity Growth","1","cooccurrence"
"Economic Growth","Socioeconomic","1","cooccurrence"
"Economic Growth","Telecom Infrastructure","1","cooccurrence"
"Economic Power","Political Economy","1","cooccurrence"
"Economic Power","Politics-Economics Interdependence","1","cooccurrence"
"Ecosystem Resilience","Genetic Diversity","2","cooccurrence"
"Ecosystem Resilience & Climate Change","Human Impact","1","cooccurrence"
"Ecosystem Resilience & Climate Change","Small Mammals","1","cooccurrence"
"Ecosystem Services","Water Cycle","1","cooccurrence"
"Education & Culture","Human Development","1","cooccurrence"
"Education & Culture","Intellectual Capital","1","cooccurrence"
"Education Equity","Equality of Opportunity","1","cooccurrence"
"Education Equity","RTE Quotas","1","cooccurrence"
"Education System & Skills","Industrial Age Schooling","1","cooccurrence"
"Education System & Skills","New-Age Skills","1","cooccurrence"
"Efficiency","Logical Deduction (Constraint System)","1","cooccurrence"
"Efficiency","Work Rates","1","cooccurrence"
"Electoral Responsibility","Political Participation","1","cooccurrence"
"Elimination","Logical Deduction","1","cooccurrence"
"Elimination","Logical Deduction (Constraint System)","1","cooccurrence"
"Employment & Economic Growth","Employment Elasticity","1","cooccurrence"
"Employment & Economic Growth","Organized Sector Jobs","1","cooccurrence"
"Employment Elasticity","Organized Sector Jobs","1","cooccurrence"
"Employment Growth","Informal Sector","1","cooccurrence"
"Employment Growth","Labour Reforms & Employment","1","cooccurrence"
"Environmental Cost","Factory Farming","1","cooccurrence"
"Environmental Cost","Industrial Farming & Sustainability","1","cooccurrence"
"Environmental Safety","Integrated Pest Management","1","cooccurrence"
"Environmental Safety","Logical Deduction (Constraint System)","1","cooccurrence"
"Equality of Opportunity","RTE Quotas","1","cooccurrence"
"Equations","Linear Equations","1","cooccurrence"
"Equations","Logical Deduction (Constraint System)","1","cooccurrence"
"Equations","Sign Analysis","1","cooccurrence"
"Equilateral Triangles","Logical Deduction (Constraint System)","1","cooccurrence"
"Error","Logical Deduction (Constraint System)","1","cooccurrence"
"Extreme Weather","Stranded Assets","1","cooccurrence"
"Factory Farming","Industrial Farming & Sustainability","1","cooccurrence"
"Family","Logical Deduction (Constraint System)","1","cooccurrence"
"Family Tree","Logical Deductions","1","cooccurrence"
"Family Tree","Relation Symbols","1","cooccurrence"
"Federalism","Indian Federalism","1","cooccurrence"
"Federalism","National Integrity","1","cooccurrence"
"Figure Series","Pattern Completion","1","cooccurrence"
"Figure Series","Rotation","1","cooccurrence"
"Financial Inclusion","Financial Literacy","1","cooccurrence"
"Financial Inclusion","Inclusive Finance","1","cooccurrence"
"Food Affordability","Global Food Security","1","cooccurrence"
"Food Affordability","Market Regulation","1","cooccurrence"
"Food Contamination","Food Safety & Public Health","1","cooccurrence"
"Food Contamination","Regulatory Surveillance","1","cooccurrence"
"Food Safety & Globalization","Foodborne Illness","1","cooccurrence"
"Food Safety & Globalization","Supply Chain Risk","1","cooccurrence"
"Food Safety & Public Health","Regulatory Surveillance","1","cooccurrence"
"Food Security","Smallholder Farmers & Climate Risk","2","cooccurrence"
"Food Security & Nutrition","Malnutrition","1","cooccurrence"
"Food Security vs Trade Rules","MSP Subsidies","1","cooccurrence"
"Food Security vs Trade Rules","WTO Agriculture","1","cooccurrence"
"Food Supply Chains","Global Food Security","1","cooccurrence"
"Food Supply Chains","Price Affordability","1","cooccurrence"
"Foodborne Illness","Supply Chain Risk","1","cooccurrence"
"Fraction Adjustment","Logical Deduction (Constraint System)","1","cooccurrence"
"Fraction Adjustment","Ratios","1","cooccurrence"
"Fractions","Gender Ratio","1","cooccurrence"
"Fractions","Logical Deduction (Constraint System)","1","cooccurrence"
"GDP vs Inclusive Wealth","Inclusive Wealth & Sustainability","1","cooccurrence"
"GDP vs Inclusive Wealth","Natural Capital","1","cooccurrence"
"Genetic Adaptation","Human Evolution & Lactose Tolerance","1","cooccurrence"
"Geometric Progression","Population Decline","1","cooccurrence"
"Geometry","Polygon Diagonals","1","cooccurrence"
"Glacier Melt","Marine Biodiversity","1","cooccurrence"
"Global Food Security","Hunger","1","cooccurrence"
"Global Food Security","Hunger Reduction","1","cooccurrence"
"Global Food Security","Market Regulation","1","cooccurrence"
"Global Food Security","Price Affordability","1","cooccurrence"
"Global Food Security","Purchasing Power","1","cooccurrence"
"Global Food Security","Supply-Demand Balance","1","cooccurrence"
"GM Technology & IPR","Intellectual Property","2","cooccurrence"
"Governance Accountability","Internal vs External Accountability","4","cooccurrence"
"Graph","Logical Deduction (Constraint System)","3","cooccurrence"
"Graph","Ratio","1","cooccurrence"
"Graph","Unit Cost","1","cooccurrence"
"Graph","Value Calculation","1","cooccurrence"
"Graph Interpretation","Logical Deduction (Constraint System)","1","cooccurrence"
"Graph Interpretation","Relative Speed","1","cooccurrence"
"Graph Paths","Route Constraints","3","cooccurrence"
"Graphs","Rates of Change","1","cooccurrence"
"Graphs","Slope","1","cooccurrence"
"Grassroots Participation","Political Legitimacy","1","cooccurrence"
"Green Revolution","Monocropping","1","cooccurrence"
"Grid","Logical Deduction (Constraint System)","1","cooccurrence"
"Grouping & Selection","Logic Games","1","cooccurrence"
"Grouping & Selection","Set Constraints","1","cooccurrence"
"Growth Rate","Population","1","cooccurrence"
"Growth Rate","Trend Analysis","1","cooccurrence"
"Gut Microbiome","Microbiome & Malnutrition","2","cooccurrence"
"Habit Formation","Routine & Efficiency","1","cooccurrence"
"Habitat Connectivity","Human-Wildlife Conflict","2","cooccurrence"
"Habitat Connectivity","Wildlife Corridors & Conservation","2","cooccurrence"
"Head Start","Logical Deduction (Constraint System)","1","cooccurrence"
"Head Start","Race","1","cooccurrence"
"Health Impacts","Household Air Pollution","1","cooccurrence"
"High-Tech Manufacturing","Manufacturing Upgradation","1","cooccurrence"
"High-Tech Manufacturing","Productivity Growth","1","cooccurrence"
"Historical Injustice & Social Discrimination","Social Discrimination","2","cooccurrence"
"Historical Injustice & Social Discrimination","Untouchability","2","cooccurrence"
"Historical Lessons for Leadership","Leadership Traits","1","cooccurrence"
"Historical Lessons for Leadership","Military History","1","cooccurrence"
"Household Income Distribution","Logical Deduction (Constraint System)","1","cooccurrence"
"Household Income Distribution","Percentage Calculation","1","cooccurrence"
"Human Development","Intellectual Capital","1","cooccurrence"
"Human Impact","Small Mammals","1","cooccurrence"
"Human Society","Social Cooperation","1","cooccurrence"
"Human Society","Social Nature of Man","1","cooccurrence"
"Human-Wildlife Conflict","Wildlife Corridors & Conservation","2","cooccurrence"
"Hunger","Supply-Demand Balance","1","cooccurrence"
"Hunger Reduction","Purchasing Power","1","cooccurrence"
"Hydrology Changes","Soil Degradation","3","cooccurrence"
"Inclusion-Exclusion","Logical Deduction (Constraint System)","1","cooccurrence"
"Inclusion-Exclusion","Set Theory","1","cooccurrence"
"Inclusion-Exclusion","Venn Diagram","1","cooccurrence"
"Inclusive Innovation & Inequality","Income Inequality","1","cooccurrence"
"Inclusive Innovation & Inequality","R&D Policy","1","cooccurrence"
"Inclusive Wealth & Sustainability","Natural Capital","1","cooccurrence"
"Income","Logical Deduction (Constraint System)","1","cooccurrence"
"Income Inequality","Inequality & Economic Power","1","cooccurrence"
"Income Inequality","Power Structures","1","cooccurrence"
"Income Inequality","R&D Policy","1","cooccurrence"
"Income-Expenditure","Logical Deduction (Constraint System)","1","cooccurrence"
"Income-Expenditure","Savings","1","cooccurrence"
"Indecision","Perseverance","1","cooccurrence"
"Indecision","Resolution","1","cooccurrence"
"Indian Federalism","National Integrity","1","cooccurrence"
"Individualized Nutrition","Lifestyle Habits","1","cooccurrence"
"Individualized Nutrition","Obesity & Dieting","1","cooccurrence"
"Industrial Age Schooling","New-Age Skills","1","cooccurrence"
"Inequalities","Logical Deduction (Constraint System)","2","cooccurrence"
"Inequalities","Number Line","1","cooccurrence"
"Inequalities","Order","1","cooccurrence"
"Inequalities","Weighted Average","1","cooccurrence"
"Inequality & Economic Power","Power Structures","1","cooccurrence"
"Informal Sector","Labour Reforms & Employment","1","cooccurrence"
"Informal Sector Jobs","Productive Employment & Inclusion","1","cooccurrence"
"Informal Sector Jobs","Structural Transformation","1","cooccurrence"
"Installments","Outstanding Balance","1","cooccurrence"
"Integrated Pest Management","Logical Deduction (Constraint System)","1","cooccurrence"
"Interest Rates","Liquidity Management","1","cooccurrence"
"Interval Arithmetic","Squares","1","cooccurrence"
"Justice","Rights and Duties","2","cooccurrence"
"LCM","LCM / Cyclic Scheduling","1","cooccurrence"
"LCM","Logical Deduction (Constraint System)","1","cooccurrence"
"LCM","Periodicity","1","cooccurrence"
"Leadership Development","Leadership Training","1","cooccurrence"
"Leadership Traits","Military History","1","cooccurrence"
"Leap Year","Logical Deduction (Constraint System)","1","cooccurrence"
"Leisure and Human Progress","Technological Progress","1","cooccurrence"
"Leisure Balance","Work & Leisure","1","cooccurrence"
"Leisure Balance","Work Ethic","1","cooccurrence"
"Letter Coding","Pattern","1","cooccurrence"
"Letter Rearrangement","Pattern","1","cooccurrence"
"Letter Substitution","Logical Deduction (Constraint System)","1","cooccurrence"
"Letter-Number Mapping","Logical Deduction (Constraint System)","1","cooccurrence"
"Lifestyle Habits","Obesity & Dieting","1","cooccurrence"
"Limits of Science","Science & Faith","1","cooccurrence"
"Limits of Science","Spirituality","1","cooccurrence"
"Line Graph","Logical Deduction (Constraint System)","1","cooccurrence"
"Line Graph","Schedule vs Actual","1","cooccurrence"
"Line Graph","Work Progress","1","cooccurrence"
"Linear Equations","Logical Deduction (Constraint System)","4","cooccurrence"
"Linear Equations","Sign Analysis","1","cooccurrence"
"Linear Expression","Logical Deduction (Constraint System)","1","cooccurrence"
"Linear Expression","Total Sales","1","cooccurrence"
"Logic Games","Ordering Constraints","1","cooccurrence"
"Logic Games","Set Constraints","1","cooccurrence"
"Logic Grid","Logic Puzzles","9","cooccurrence"
"Logic Puzzle","Position Constraints","2","cooccurrence"
"Logic Puzzle","Seating Arrangement","2","cooccurrence"
"Logic Puzzles","Set Relations","1","cooccurrence"
"Logical Deduction","Logical Deduction (Constraint System)","1","cooccurrence"
"Logical Deduction (Constraint System)","Marks","1","cooccurrence"
"Logical Deduction (Constraint System)","Max Area","1","cooccurrence"
"Logical Deduction (Constraint System)","Mean Calculation","1","cooccurrence"
"Logical Deduction (Constraint System)","Mean of Consecutive Numbers","1","cooccurrence"
"Logical Deduction (Constraint System)","Mean-Median-Mode","1","cooccurrence"
"Logical Deduction (Constraint System)","Middle Term","1","cooccurrence"
"Logical Deduction (Constraint System)","Minimum Draws","1","cooccurrence"
"Logical Deduction (Constraint System)","Missing Digits","1","cooccurrence"
"Logical Deduction (Constraint System)","Number Formation","1","cooccurrence"
"Logical Deduction (Constraint System)","Number Line","1","cooccurrence"
"Logical Deduction (Constraint System)","Number Properties","1","cooccurrence"
"Logical Deduction (Constraint System)","Number Series","1","cooccurrence"
"Logical Deduction (Constraint System)","Numbering","1","cooccurrence"
"Logical Deduction (Constraint System)","Numbers","1","cooccurrence"
"Logical Deduction (Constraint System)","Opposite Faces","3","cooccurrence"
"Logical Deduction (Constraint System)","Optimization","1","cooccurrence"
"Logical Deduction (Constraint System)","Ordering","5","cooccurrence"
"Logical Deduction (Constraint System)","Page Numbers","1","cooccurrence"
"Logical Deduction (Constraint System)","Painted Cubes","2","cooccurrence"
"Logical Deduction (Constraint System)","Pattern Recognition","2","cooccurrence"
"Logical Deduction (Constraint System)","Percent Decrease","1","cooccurrence"
"Logical Deduction (Constraint System)","Percent Increase","1","cooccurrence"
"Logical Deduction (Constraint System)","Percent of Total","1","cooccurrence"
"Logical Deduction (Constraint System)","Percent Shortfall","1","cooccurrence"
"Logical Deduction (Constraint System)","Percentage Calculation","1","cooccurrence"
"Logical Deduction (Constraint System)","Percentage Change","1","cooccurrence"
"Logical Deduction (Constraint System)","Percentage Profit/Loss","1","cooccurrence"
"Logical Deduction (Constraint System)","Perfect Cubes","1","cooccurrence"
"Logical Deduction (Constraint System)","Perfect Squares","1","cooccurrence"
"Logical Deduction (Constraint System)","Periodicity","1","cooccurrence"
"Logical Deduction (Constraint System)","Pigeonhole Principle","1","cooccurrence"
"Logical Deduction (Constraint System)","Place Value","1","cooccurrence"
"Logical Deduction (Constraint System)","Profit","1","cooccurrence"
"Logical Deduction (Constraint System)","Pythagoras","1","cooccurrence"
"Logical Deduction (Constraint System)","Race","1","cooccurrence"
"Logical Deduction (Constraint System)","Ranking","1","cooccurrence"
"Logical Deduction (Constraint System)","Ratio","7","cooccurrence"
"Logical Deduction (Constraint System)","Ratio of Wages","1","cooccurrence"
"Logical Deduction (Constraint System)","Ratios","3","cooccurrence"
"Logical Deduction (Constraint System)","Relative Speed","3","cooccurrence"
"Logical Deduction (Constraint System)","Remainders","1","cooccurrence"
"Logical Deduction (Constraint System)","Restrictions","1","cooccurrence"
"Logical Deduction (Constraint System)","Reversal of Digits","1","cooccurrence"
"Logical Deduction (Constraint System)","Reverse Transactions","1","cooccurrence"
"Logical Deduction (Constraint System)","Right-Angled Triangles","1","cooccurrence"
"Logical Deduction (Constraint System)","Savings","1","cooccurrence"
"Logical Deduction (Constraint System)","Schedule vs Actual","1","cooccurrence"
"Logical Deduction (Constraint System)","Scheduling","1","cooccurrence"
"Logical Deduction (Constraint System)","Sequence","2","cooccurrence"
"Logical Deduction (Constraint System)","Sign Analysis","1","cooccurrence"
"Logical Deduction (Constraint System)","Skewness","1","cooccurrence"
"Logical Deduction (Constraint System)","Squares","2","cooccurrence"
"Logical Deduction (Constraint System)","Time & Work","1","cooccurrence"
"Logical Deduction (Constraint System)","Time Difference","2","cooccurrence"
"Logical Deduction (Constraint System)","Time Intervals","1","cooccurrence"
"Logical Deduction (Constraint System)","Time Measurement","1","cooccurrence"
"Logical Deduction (Constraint System)","Time-Distance","1","cooccurrence"
"Logical Deduction (Constraint System)","Total Sales","1","cooccurrence"
"Logical Deduction (Constraint System)","Train","1","cooccurrence"
"Logical Deduction (Constraint System)","Transitivity","1","cooccurrence"
"Logical Deduction (Constraint System)","Unit Cost","1","cooccurrence"
"Logical Deduction (Constraint System)","Value Calculation","1","cooccurrence"
"Logical Deduction (Constraint System)","Venn Diagram","1","cooccurrence"
"Logical Deduction (Constraint System)","Volume","1","cooccurrence"
"Logical Deduction (Constraint System)","Weekday Counting","1","cooccurrence"
"Logical Deduction (Constraint System)","Weighted Average","3","cooccurrence"
"Logical Deduction (Constraint System)","Weighted Outcomes","1","cooccurrence"
"Logical Deduction (Constraint System)","Word Problems","1","cooccurrence"
"Logical Deduction (Constraint System)","Work Progress","1","cooccurrence"
"Logical Deduction (Constraint System)","Work Rates","3","cooccurrence"
"Logical Deductions","Set Relations","1","cooccurrence"
"Logical Deductions","Venn Diagram","1","cooccurrence"
"Logical Inference","Statement & Conclusion","1","cooccurrence"
"Logical Sequence","Pattern Recognition","1","cooccurrence"
"Logical Statements","Syllogism","1","cooccurrence"
"Logical Statements","Valid Conclusions","1","cooccurrence"
"Logical Validity","Statement & Conclusion","1","cooccurrence"
"Manual Scavenging","Sanitation Policy","1","cooccurrence"
"Manual Scavenging","Urban Sanitation & Public Health","1","cooccurrence"
"Manufacturing Upgradation","Productivity Growth","1","cooccurrence"
"Market Distortions","Oligarchies","1","cooccurrence"
"Marks","Percent Decrease","1","cooccurrence"
"Maximum Marks","Percent of Total","1","cooccurrence"
"Mean Calculation","Weighted Average","1","cooccurrence"
"Mean-Median-Mode","Skewness","1","cooccurrence"
"Measurement Issues","National Income Accounting","1","cooccurrence"
"Measurement Issues","Non-Commercial Sector","1","cooccurrence"
"Middle Term","Number Series","1","cooccurrence"
"Middle-Income Trap","Productivity Growth","1","cooccurrence"
"Minimum Draws","Pigeonhole Principle","1","cooccurrence"
"MSP Subsidies","WTO Agriculture","1","cooccurrence"
"National Income Accounting","Non-Commercial Sector","1","cooccurrence"
"National Integration & Civic Responsibility","Social Cohesion","1","cooccurrence"
"Negative Emissions","Sustainable Biofuels","1","cooccurrence"
"Open Defecation","Purity-Pollution Norms","1","cooccurrence"
"Open Defecation","Sanitation Behavior","1","cooccurrence"
"Optimization","Time & Work","1","cooccurrence"
"Order","Ranking & Inequalities","1","cooccurrence"
"Ordering","Position Constraints","1","cooccurrence"
"Ordering","Relative Position","1","cooccurrence"
"Ordering","Seating Arrangement","1","cooccurrence"
"Ordering","Transitivity","1","cooccurrence"
"Overtaking","Time-Distance","1","cooccurrence"
"Participatory Planning","Urban Planning & Inclusion","1","cooccurrence"
"Participatory Planning","Urban Poor","1","cooccurrence"
"Per Capita Income","Socioeconomic","1","cooccurrence"
"Per Capita Income","Tele-density","1","cooccurrence"
"Percent Increase","Ratios","1","cooccurrence"
"Percent Overlap","Venn Diagram","1","cooccurrence"
"Percentage","Weighted Average","1","cooccurrence"
"Percentage Change","Reverse Transactions","1","cooccurrence"
"Perfect Cubes","Perfect Squares","1","cooccurrence"
"Perseverance","Resolution","1","cooccurrence"
"Polar Governance","Resource Competition","1","cooccurrence"
"Political Conflict","Resource Scarcity","1","cooccurrence"
"Political Conflict","Water Conflicts","1","cooccurrence"
"Political Development & Group Identity","Social Cleavages","1","cooccurrence"
"Political Development & Group Identity","Traditional vs Modern Identities","1","cooccurrence"
"Political Economy","Politics-Economics Interdependence","1","cooccurrence"
"Popular Sovereignty","Rousseau","1","cooccurrence"
"Popular Sovereignty","Social Contract","1","cooccurrence"
"Popular Sovereignty","Social Contract & General Will","1","cooccurrence"
"Population","Trend Analysis","2","cooccurrence"
"Position Constraints","Seating Arrangement","3","cooccurrence"
"Poverty","Stigma","1","cooccurrence"
"Poverty","Tuberculosis & Social Determinants","1","cooccurrence"
"Productive Employment & Inclusion","Structural Transformation","1","cooccurrence"
"Purity-Pollution Norms","Sanitation Behavior","1","cooccurrence"
"Ranking","Ratio","1","cooccurrence"
"Rates","Relative Progress","1","cooccurrence"
"Rates","with Slippage","1","cooccurrence"
"Rates of Change","Slope","1","cooccurrence"
"Ratio","Replacement","1","cooccurrence"
"Ratio","Weighted Average","1","cooccurrence"
"Ratio of Wages","Work Rates","1","cooccurrence"
"Ratios","Reversal of Digits","1","cooccurrence"
"Regulation & Economic Growth","Regulatory Policy","2","cooccurrence"
"Relative Progress","with Slippage","1","cooccurrence"
"Relative Speed","Time-Distance","1","cooccurrence"
"Relative Speed","Train","1","cooccurrence"
"Resource Scarcity","Water Conflicts","1","cooccurrence"
"Resource Use","Sustainable Diets & Resources","1","cooccurrence"
"Right to Education & Quality","Universal Access","5","cooccurrence"
"Rousseau","Social Contract & General Will","1","cooccurrence"
"Sanitation Policy","Urban Sanitation & Public Health","1","cooccurrence"
"Schedule vs Actual","Work Progress","1","cooccurrence"
"Scheduling","Time Intervals","1","cooccurrence"
"Scheduling","Time-Distance","1","cooccurrence"
"Science & Faith","Spirituality","1","cooccurrence"
"Science & Human Progress","Scientific Knowledge","1","cooccurrence"
"Science & Human Progress","Social Progress","1","cooccurrence"
"Scientific Knowledge","Social Progress","1","cooccurrence"
"Sequence","Squares","1","cooccurrence"
"Social Cleavages","Traditional vs Modern Identities","1","cooccurrence"
"Social Cooperation","Social Nature of Man","1","cooccurrence"
"Social Discrimination","Untouchability","2","cooccurrence"
"Socioeconomic","Telecom Infrastructure","1","cooccurrence"
"Socioeconomic","Tele-density","1","cooccurrence"
"Soil Degradation","Soil Erosion & Food Security","1","cooccurrence"
"Statement Conclusions","Syllogism","1","cooccurrence"
"Stigma","Tuberculosis & Social Determinants","1","cooccurrence"
"Syllogism","Valid Conclusions","1","cooccurrence"
"Tax Revenue","Trend Analysis","1","cooccurrence"
"Time-Distance","Train","1","cooccurrence"
"Unit Cost","Value Calculation","1","cooccurrence"
"Urban Planning & Inclusion","Urban Poor","1","cooccurrence"
"Work & Leisure","Work Ethic","1","cooccurrence"
"Adult-Child Equivalence","Linear Ratio","1","primary_to_related"
"Agriculture Dependence & Demography","Agricultural Employment","1","primary_to_related"
"Agriculture Dependence & Demography","Population Growth","1","primary_to_related"
"Agro-biodiversity & Food Security","Green Revolution","1","primary_to_related"
"Agro-biodiversity & Food Security","Monocropping","1","primary_to_related"
"Agrobiodiversity Loss","Crop Diversity","1","primary_to_related"
"Agrobiodiversity Loss","Food Security","1","primary_to_related"
"Air Pollution & AQI","Air Quality Index","1","primary_to_related"
"Air Pollution & AQI","Health Impacts of Air Pollution","1","primary_to_related"
"Antarctic Climate Change","Glacier Melt","1","primary_to_related"
"Antarctic Climate Change","Marine Biodiversity","1","primary_to_related"
"Arctic Geopolitics & Resources","Polar Governance","1","primary_to_related"
"Arctic Geopolitics & Resources","Resource Competition","1","primary_to_related"
"Area Probability","Circles","1","primary_to_related"
"Big Data & Digital Sovereignty","Data Monopoly","2","primary_to_related"
"Big Data & Digital Sovereignty","Digital Trade","2","primary_to_related"
"Biodiversity & Climate Adaptation","Ecosystem Resilience","2","primary_to_related"
"Biodiversity & Climate Adaptation","Genetic Diversity","2","primary_to_related"
"Biodiversity & Hydrological Cycle","Ecosystem Services","1","primary_to_related"
"Biodiversity & Hydrological Cycle","Water Cycle","1","primary_to_related"
"Bioenergy Sustainability","Biomass Energy","2","primary_to_related"
"Bioenergy Sustainability","Biomass Limits","1","primary_to_related"
"Bioenergy Sustainability","Climate-Energy Models","1","primary_to_related"
"Bioenergy Sustainability","Food Security","1","primary_to_related"
"Bioenergy Sustainability","Food vs Fuel","1","primary_to_related"
"Bioenergy Sustainability","Negative Emissions","1","primary_to_related"
"Bioenergy Sustainability","Sustainable Biofuels","1","primary_to_related"
"Birth Rate","Death Rate","1","primary_to_related"
"Birth Rate","Migration","1","primary_to_related"
"Blood Relations","Family Tree","1","primary_to_related"
"Blood Relations","Logical Deductions","1","primary_to_related"
"Botanical Pesticides & Sustainable Agriculture","Ecological Balance","1","primary_to_related"
"Botanical Pesticides & Sustainable Agriculture","Synthetic Pesticides","1","primary_to_related"
"Carbon Cycle & Soil Carbon","CO2 Feedbacks","1","primary_to_related"
"Carbon Cycle & Soil Carbon","Soil Carbon","1","primary_to_related"
"Circular Motion","Circular","1","primary_to_related"
"Circular Motion","Relative Speed","1","primary_to_related"
"Civic Participation & Voting Duty","Electoral Responsibility","1","primary_to_related"
"Civic Participation & Voting Duty","Political Participation","1","primary_to_related"
"Climate Adaptation & Food Security","Agricultural Extension","1","primary_to_related"
"Climate Adaptation & Food Security","Integrated Pest Management","1","primary_to_related"
"Climate Change & Agriculture","Climate Adaptation","1","primary_to_related"
"Climate Change & Agriculture","Crop Shifts","1","primary_to_related"
"Climate Change & Land Use","Agriculture Emissions","1","primary_to_related"
"Climate Change & Land Use","Deforestation","1","primary_to_related"
"Climate Change & Migration","Climate Refugees","1","primary_to_related"
"Climate Change & Migration","Environmental Risk","1","primary_to_related"
"Climate Change & Polar Ecosystems","Arctic Sea Ice","1","primary_to_related"
"Climate Change & Polar Ecosystems","Polar Bears","1","primary_to_related"
"Climate Change & Resource Conflicts","Political Conflict","1","primary_to_related"
"Climate Change & Resource Conflicts","Resource Scarcity","1","primary_to_related"
"Climate Change & Resource Conflicts","Water Conflicts","1","primary_to_related"
"Climate Finance & Policy","Adaptation Funding","1","primary_to_related"
"Climate Finance & Policy","Development Needs","1","primary_to_related"
"Climate Risk & Investments","Extreme Weather","1","primary_to_related"
"Climate Risk & Investments","Stranded Assets","1","primary_to_related"
"Coding-Decoding","Symbol-Number Mapping","1","primary_to_related"
"Combinatorics","Geometry","1","primary_to_related"
"Comparative Statements","Inequalities","1","primary_to_related"
"Comparative Statements","Order","1","primary_to_related"
"Conservation of Quantity","Net Change","1","primary_to_related"
"Constraint Satisfaction","Logical Sufficiency","1","primary_to_related"
"Consumerism & Environmental Sustainability","Aspirations","1","primary_to_related"
"Consumerism & Environmental Sustainability","Ecological Limits","1","primary_to_related"
"Cost-Volume","Profit-Loss","1","primary_to_related"
"Counting Triangles","3D Geometry","1","primary_to_related"
"Crony Capitalism","Market Distortions","1","primary_to_related"
"Crony Capitalism","Oligarchies","1","primary_to_related"
"Crop Diversity & Food Security","Climate Change","1","primary_to_related"
"Crop Diversity & Food Security","Monoculture Risks","1","primary_to_related"
"Data Sufficiency","Logical Deduction","1","primary_to_related"
"Decision-Making & Perseverance","Indecision","1","primary_to_related"
"Decision-Making & Perseverance","Perseverance","1","primary_to_related"
"Decision-Making & Perseverance","Resolution","1","primary_to_related"
"Deductive Logic","Statement Evaluation","2","primary_to_related"
"Democratic Political Maturity","Democratic Legitimacy","1","primary_to_related"
"Democratic Political Maturity","Sovereignty","1","primary_to_related"
"Dependency Ratio","Demography","1","primary_to_related"
"Dependency Ratio","Workforce Trend","1","primary_to_related"
"Desertification & Deforestation","Hydrology Changes","3","primary_to_related"
"Desertification & Deforestation","Soil Degradation","3","primary_to_related"
"Devolution & Decentralization","Grassroots Participation","1","primary_to_related"
"Devolution & Decentralization","Political Legitimacy","1","primary_to_related"
"Digital Society & Governance","Digital Technologies","1","primary_to_related"
"Digital Society & Governance","Social Transformation","1","primary_to_related"
"Direct vs Indirect Taxes","Tax Revenue","1","primary_to_related"
"Direct vs Indirect Taxes","Trend Analysis","1","primary_to_related"
"Direction Sense","Net Displacement","1","primary_to_related"
"Direction Sense","Path Tracking","1","primary_to_related"
"Divisibility","Modulo","1","primary_to_related"
"Ecoagriculture & Biodiversity","Agro-biodiversity","1","primary_to_related"
"Ecoagriculture & Biodiversity","Sustainable Farming","1","primary_to_related"
"Ecosystem Resilience & Climate Change","Human Impact","1","primary_to_related"
"Ecosystem Resilience & Climate Change","Small Mammals","1","primary_to_related"
"Education & Culture","Human Development","1","primary_to_related"
"Education & Culture","Intellectual Capital","1","primary_to_related"
"Education Equity","Equality of Opportunity","1","primary_to_related"
"Education Equity","RTE Quotas","1","primary_to_related"
"Education System & Skills","Industrial Age Schooling","1","primary_to_related"
"Education System & Skills","New-Age Skills","1","primary_to_related"
"Employment & Economic Growth","Employment Elasticity","1","primary_to_related"
"Employment & Economic Growth","Organized Sector Jobs","1","primary_to_related"
"Figure Series","Rotation","1","primary_to_related"
"Financial Inclusion","Banking Access","1","primary_to_related"
"Financial Inclusion","Banking Correspondents","1","primary_to_related"
"Financial Inclusion","Financial Literacy","1","primary_to_related"
"Financial Inclusion","Inclusive Finance","1","primary_to_related"
"Food Safety & Globalization","Foodborne Illness","1","primary_to_related"
"Food Safety & Globalization","Supply Chain Risk","1","primary_to_related"
"Food Safety & Public Health","Food Contamination","1","primary_to_related"
"Food Safety & Public Health","Regulatory Surveillance","1","primary_to_related"
"Food Security & Nutrition","Agricultural Productivity","1","primary_to_related"
"Food Security & Nutrition","Malnutrition","1","primary_to_related"
"Food Security vs Trade Rules","MSP Subsidies","1","primary_to_related"
"Food Security vs Trade Rules","WTO Agriculture","1","primary_to_related"
"Fractions","Gender Ratio","1","primary_to_related"
"Global Food Security","Food Affordability","1","primary_to_related"
"Global Food Security","Food Supply Chains","1","primary_to_related"
"Global Food Security","Hunger","1","primary_to_related"
"Global Food Security","Hunger Reduction","1","primary_to_related"
"Global Food Security","Market Regulation","1","primary_to_related"
"Global Food Security","Price Affordability","1","primary_to_related"
"Global Food Security","Purchasing Power","1","primary_to_related"
"Global Food Security","Supply-Demand Balance","1","primary_to_related"
"GM Technology & IPR","Crop Resilience","2","primary_to_related"
"GM Technology & IPR","Intellectual Property","2","primary_to_related"
"Governance Accountability","Civil Services Reform","4","primary_to_related"
"Governance Accountability","Internal vs External Accountability","4","primary_to_related"
"Graph Paths","Directed Graph","3","primary_to_related"
"Graph Paths","Route Constraints","3","primary_to_related"
"Grid Navigation","Coordinate Movement","1","primary_to_related"
"Grouping & Selection","Logic Games","1","primary_to_related"
"Grouping & Selection","Set Constraints","1","primary_to_related"
"Habit Formation","Behavioral Habits","1","primary_to_related"
"Habit Formation","Routine & Efficiency","1","primary_to_related"
"Historical Injustice & Social Discrimination","Economic Deprivation","2","primary_to_related"
"Historical Injustice & Social Discrimination","Social Discrimination","2","primary_to_related"
"Historical Injustice & Social Discrimination","Untouchability","2","primary_to_related"
"Historical Lessons for Leadership","Leadership Traits","1","primary_to_related"
"Historical Lessons for Leadership","Military History","1","primary_to_related"
"Household Air Pollution","Clean Cooking Fuels","1","primary_to_related"
"Household Air Pollution","Health Impacts","1","primary_to_related"
"Human Evolution & Lactose Tolerance","Domestication","1","primary_to_related"
"Human Evolution & Lactose Tolerance","Genetic Adaptation","1","primary_to_related"
"Inclusive Innovation & Inequality","Income Inequality","1","primary_to_related"
"Inclusive Innovation & Inequality","R&D Policy","1","primary_to_related"
"Inclusive Wealth & Sustainability","GDP vs Inclusive Wealth","1","primary_to_related"
"Inclusive Wealth & Sustainability","Natural Capital","1","primary_to_related"
"Income Comparison","Algebraic Reasoning","1","primary_to_related"
"Indian Federalism","Federalism","1","primary_to_related"
"Indian Federalism","National Integrity","1","primary_to_related"
"Industrial Farming & Sustainability","Environmental Cost","1","primary_to_related"
"Industrial Farming & Sustainability","Factory Farming","1","primary_to_related"
"Inequality & Economic Power","Income Inequality","1","primary_to_related"
"Inequality & Economic Power","Power Structures","1","primary_to_related"
"Installments","Outstanding Balance","1","primary_to_related"
"Interval Arithmetic","Squares","1","primary_to_related"
"Invasive Species","Biodiversity","1","primary_to_related"
"Invasive Species","Disturbed Habitats","1","primary_to_related"
"IoT Security","Cybersecurity","1","primary_to_related"
"IoT Security","Device Vulnerabilities","1","primary_to_related"
"Labour Reforms & Employment","Employment Growth","1","primary_to_related"
"Labour Reforms & Employment","Informal Sector","1","primary_to_related"
"LCM / Cyclic Scheduling","Cyclic Scheduling","1","primary_to_related"
"LCM / Cyclic Scheduling","LCM","1","primary_to_related"
"Leadership & Political Legitimacy","Democratic Leadership","1","primary_to_related"
"Leadership & Political Legitimacy","Dictatorship","1","primary_to_related"
"Leadership Development","Decision-Making","1","primary_to_related"
"Leadership Development","Leadership Training","1","primary_to_related"
"Leisure and Human Progress","Creativity","1","primary_to_related"
"Leisure and Human Progress","Technological Progress","1","primary_to_related"
"Letter Coding","Pattern","1","primary_to_related"
"Letter Rearrangement","Pattern","1","primary_to_related"
"Liquidity Management","Interest Rates","1","primary_to_related"
"Logic Puzzles","Assignment Constraints","10","primary_to_related"
"Logic Puzzles","Logic Grid","9","primary_to_related"
"Logic Puzzles","Set Relations","1","primary_to_related"
"Logical Deduction (Constraint System)","3D Visualization","3","primary_to_related"
"Logical Deduction (Constraint System)","Age","1","primary_to_related"
"Logical Deduction (Constraint System)","Age Problems","3","primary_to_related"
"Logical Deduction (Constraint System)","Algebra","3","primary_to_related"
"Logical Deduction (Constraint System)","Algebraic Comparison","1","primary_to_related"
"Logical Deduction (Constraint System)","Allowances","1","primary_to_related"
"Logical Deduction (Constraint System)","Area","1","primary_to_related"
"Logical Deduction (Constraint System)","Arithmetic Logic","1","primary_to_related"
"Logical Deduction (Constraint System)","Arithmetic Progression","2","primary_to_related"
"Logical Deduction (Constraint System)","Arrangement Restrictions","1","primary_to_related"
"Logical Deduction (Constraint System)","Arrangements","1","primary_to_related"
"Logical Deduction (Constraint System)","Average","3","primary_to_related"
"Logical Deduction (Constraint System)","Average Weight","1","primary_to_related"
"Logical Deduction (Constraint System)","Bar Graph","1","primary_to_related"
"Logical Deduction (Constraint System)","Basic Probability","1","primary_to_related"
"Logical Deduction (Constraint System)","Binary Sequences","1","primary_to_related"
"Logical Deduction (Constraint System)","Binary Strings","1","primary_to_related"
"Logical Deduction (Constraint System)","Borrowing","1","primary_to_related"
"Logical Deduction (Constraint System)","Calendar","3","primary_to_related"
"Logical Deduction (Constraint System)","Capacity","1","primary_to_related"
"Logical Deduction (Constraint System)","Circles","1","primary_to_related"
"Logical Deduction (Constraint System)","Circular","1","primary_to_related"
"Logical Deduction (Constraint System)","Circular Motion","1","primary_to_related"
"Logical Deduction (Constraint System)","Clock Error","2","primary_to_related"
"Logical Deduction (Constraint System)","Code Patterns","2","primary_to_related"
"Logical Deduction (Constraint System)","Coin Change","1","primary_to_related"
"Logical Deduction (Constraint System)","Color Arrangements","1","primary_to_related"
"Logical Deduction (Constraint System)","Combinations","2","primary_to_related"
"Logical Deduction (Constraint System)","Combinatorics","2","primary_to_related"
"Logical Deduction (Constraint System)","Comparative Analysis","1","primary_to_related"
"Logical Deduction (Constraint System)","Concentration","1","primary_to_related"
"Logical Deduction (Constraint System)","Constraints","4","primary_to_related"
"Logical Deduction (Constraint System)","Coordinates","1","primary_to_related"
"Logical Deduction (Constraint System)","Corrected Mean","1","primary_to_related"
"Logical Deduction (Constraint System)","Cost Price","1","primary_to_related"
"Logical Deduction (Constraint System)","Cost Ratios","1","primary_to_related"
"Logical Deduction (Constraint System)","Counting","7","primary_to_related"
"Logical Deduction (Constraint System)","Counting Parallelograms","1","primary_to_related"
"Logical Deduction (Constraint System)","Cubes","1","primary_to_related"
"Logical Deduction (Constraint System)","Dates","1","primary_to_related"
"Logical Deduction (Constraint System)","Defect Percentage","1","primary_to_related"
"Logical Deduction (Constraint System)","Diagonal","1","primary_to_related"
"Logical Deduction (Constraint System)","Difference","1","primary_to_related"
"Logical Deduction (Constraint System)","Difference Calculation","1","primary_to_related"
"Logical Deduction (Constraint System)","Differences","1","primary_to_related"
"Logical Deduction (Constraint System)","Digit Arithmetic","1","primary_to_related"
"Logical Deduction (Constraint System)","Digit Constraints","1","primary_to_related"
"Logical Deduction (Constraint System)","Digit Count","1","primary_to_related"
"Logical Deduction (Constraint System)","Digit Counting","1","primary_to_related"
"Logical Deduction (Constraint System)","Digit Inequalities","1","primary_to_related"
"Logical Deduction (Constraint System)","Digit Patterns","1","primary_to_related"
"Logical Deduction (Constraint System)","Digit Reversal","3","primary_to_related"
"Logical Deduction (Constraint System)","Discount","1","primary_to_related"
"Logical Deduction (Constraint System)","Displacement","1","primary_to_related"
"Logical Deduction (Constraint System)","Distance","2","primary_to_related"
"Logical Deduction (Constraint System)","Distance Formula","2","primary_to_related"
"Logical Deduction (Constraint System)","Divisibility","2","primary_to_related"
"Logical Deduction (Constraint System)","Divisibility Rule","1","primary_to_related"
"Logical Deduction (Constraint System)","Efficiency","1","primary_to_related"
"Logical Deduction (Constraint System)","Elimination","1","primary_to_related"
"Logical Deduction (Constraint System)","Environmental Safety","1","primary_to_related"
"Logical Deduction (Constraint System)","Equations","1","primary_to_related"
"Logical Deduction (Constraint System)","Equilateral Triangles","1","primary_to_related"
"Logical Deduction (Constraint System)","Error","1","primary_to_related"
"Logical Deduction (Constraint System)","Family","1","primary_to_related"
"Logical Deduction (Constraint System)","Fraction Adjustment","1","primary_to_related"
"Logical Deduction (Constraint System)","Fractions","1","primary_to_related"
"Logical Deduction (Constraint System)","Graph","3","primary_to_related"
"Logical Deduction (Constraint System)","Graph Interpretation","1","primary_to_related"
"Logical Deduction (Constraint System)","Grid","1","primary_to_related"
"Logical Deduction (Constraint System)","Head Start","1","primary_to_related"
"Logical Deduction (Constraint System)","Household Income Distribution","1","primary_to_related"
"Logical Deduction (Constraint System)","Inclusion-Exclusion","1","primary_to_related"
"Logical Deduction (Constraint System)","Income","1","primary_to_related"
"Logical Deduction (Constraint System)","Income-Expenditure","1","primary_to_related"
"Logical Deduction (Constraint System)","Inequalities","2","primary_to_related"
"Logical Deduction (Constraint System)","Integrated Pest Management","1","primary_to_related"
"Logical Deduction (Constraint System)","LCM","1","primary_to_related"
"Logical Deduction (Constraint System)","Leap Year","1","primary_to_related"
"Logical Deduction (Constraint System)","Letter Substitution","1","primary_to_related"
"Logical Deduction (Constraint System)","Letter-Number Mapping","1","primary_to_related"
"Logical Deduction (Constraint System)","Line Graph","1","primary_to_related"
"Logical Deduction (Constraint System)","Linear Equations","4","primary_to_related"
"Logical Deduction (Constraint System)","Linear Expression","1","primary_to_related"
"Logical Deduction (Constraint System)","Logical Deduction","1","primary_to_related"
"Logical Deduction (Constraint System)","Marks","1","primary_to_related"
"Logical Deduction (Constraint System)","Max Area","1","primary_to_related"
"Logical Deduction (Constraint System)","Mean Calculation","1","primary_to_related"
"Logical Deduction (Constraint System)","Mean of Consecutive Numbers","1","primary_to_related"
"Logical Deduction (Constraint System)","Mean-Median-Mode","1","primary_to_related"
"Logical Deduction (Constraint System)","Middle Term","1","primary_to_related"
"Logical Deduction (Constraint System)","Minimum Draws","1","primary_to_related"
"Logical Deduction (Constraint System)","Missing Digits","1","primary_to_related"
"Logical Deduction (Constraint System)","Number Formation","1","primary_to_related"
"Logical Deduction (Constraint System)","Number Line","1","primary_to_related"
"Logical Deduction (Constraint System)","Number Properties","1","primary_to_related"
"Logical Deduction (Constraint System)","Number Series","1","primary_to_related"
"Logical Deduction (Constraint System)","Numbering","1","primary_to_related"
"Logical Deduction (Constraint System)","Numbers","1","primary_to_related"
"Logical Deduction (Constraint System)","Opposite Faces","3","primary_to_related"
"Logical Deduction (Constraint System)","Optimization","1","primary_to_related"
"Logical Deduction (Constraint System)","Ordering","5","primary_to_related"
"Logical Deduction (Constraint System)","Page Numbers","1","primary_to_related"
"Logical Deduction (Constraint System)","Painted Cubes","2","primary_to_related"
"Logical Deduction (Constraint System)","Pattern Recognition","2","primary_to_related"
"Logical Deduction (Constraint System)","Percent Decrease","1","primary_to_related"
"Logical Deduction (Constraint System)","Percent Increase","1","primary_to_related"
"Logical Deduction (Constraint System)","Percent of Total","1","primary_to_related"
"Logical Deduction (Constraint System)","Percent Shortfall","1","primary_to_related"
"Logical Deduction (Constraint System)","Percentage Calculation","1","primary_to_related"
"Logical Deduction (Constraint System)","Percentage Change","1","primary_to_related"
"Logical Deduction (Constraint System)","Percentage Profit/Loss","1","primary_to_related"
"Logical Deduction (Constraint System)","Perfect Cubes","1","primary_to_related"
"Logical Deduction (Constraint System)","Perfect Squares","1","primary_to_related"
"Logical Deduction (Constraint System)","Periodicity","1","primary_to_related"
"Logical Deduction (Constraint System)","Pigeonhole Principle","1","primary_to_related"
"Logical Deduction (Constraint System)","Place Value","1","primary_to_related"
"Logical Deduction (Constraint System)","Profit","1","primary_to_related"
"Logical Deduction (Constraint System)","Pythagoras","1","primary_to_related"
"Logical Deduction (Constraint System)","Race","1","primary_to_related"
"Logical Deduction (Constraint System)","Ranking","1","primary_to_related"
"Logical Deduction (Constraint System)","Ratio","7","primary_to_related"
"Logical Deduction (Constraint System)","Ratio of Wages","1","primary_to_related"
"Logical Deduction (Constraint System)","Ratios","3","primary_to_related"
"Logical Deduction (Constraint System)","Relative Speed","3","primary_to_related"
"Logical Deduction (Constraint System)","Remainders","1","primary_to_related"
"Logical Deduction (Constraint System)","Restrictions","1","primary_to_related"
"Logical Deduction (Constraint System)","Reversal of Digits","1","primary_to_related"
"Logical Deduction (Constraint System)","Reverse Transactions","1","primary_to_related"
"Logical Deduction (Constraint System)","Right-Angled Triangles","1","primary_to_related"
"Logical Deduction (Constraint System)","Savings","1","primary_to_related"
"Logical Deduction (Constraint System)","Schedule vs Actual","1","primary_to_related"
"Logical Deduction (Constraint System)","Scheduling","1","primary_to_related"
"Logical Deduction (Constraint System)","Sequence","2","primary_to_related"
"Logical Deduction (Constraint System)","Sign Analysis","1","primary_to_related"
"Logical Deduction (Constraint System)","Skewness","1","primary_to_related"
"Logical Deduction (Constraint System)","Squares","2","primary_to_related"
"Logical Deduction (Constraint System)","Time & Work","1","primary_to_related"
"Logical Deduction (Constraint System)","Time Difference","2","primary_to_related"
"Logical Deduction (Constraint System)","Time Intervals","1","primary_to_related"
"Logical Deduction (Constraint System)","Time Measurement","1","primary_to_related"
"Logical Deduction (Constraint System)","Time-Distance","1","primary_to_related"
"Logical Deduction (Constraint System)","Total Sales","1","primary_to_related"
"Logical Deduction (Constraint System)","Train","1","primary_to_related"
"Logical Deduction (Constraint System)","Transitivity","1","primary_to_related"
"Logical Deduction (Constraint System)","Unit Cost","1","primary_to_related"
"Logical Deduction (Constraint System)","Value Calculation","1","primary_to_related"
"Logical Deduction (Constraint System)","Venn Diagram","1","primary_to_related"
"Logical Deduction (Constraint System)","Volume","1","primary_to_related"
"Logical Deduction (Constraint System)","Weekday Counting","1","primary_to_related"
"Logical Deduction (Constraint System)","Weighted Average","3","primary_to_related"
"Logical Deduction (Constraint System)","Weighted Outcomes","1","primary_to_related"
"Logical Deduction (Constraint System)","Word Problems","1","primary_to_related"
"Logical Deduction (Constraint System)","Work Progress","1","primary_to_related"
"Logical Deduction (Constraint System)","Work Rates","3","primary_to_related"
"Logical Statements","Syllogism","1","primary_to_related"
"Logical Statements","Valid Conclusions","1","primary_to_related"
"Manufacturing Upgradation","High-Tech Manufacturing","1","primary_to_related"
"Manufacturing Upgradation","Productivity Growth","1","primary_to_related"
"Marked Price","Discount","1","primary_to_related"
"Microbiome & Malnutrition","Child Nutrition","2","primary_to_related"
"Microbiome & Malnutrition","Gut Microbiome","2","primary_to_related"
"Middle-Income Trap","Economic Development","1","primary_to_related"
"Middle-Income Trap","Productivity Growth","1","primary_to_related"
"National Income Accounting","Measurement Issues","1","primary_to_related"
"National Income Accounting","Non-Commercial Sector","1","primary_to_related"
"National Integration & Civic Responsibility","Citizenship Duties","1","primary_to_related"
"National Integration & Civic Responsibility","Communalism","1","primary_to_related"
"National Integration & Civic Responsibility","Social Cohesion","1","primary_to_related"
"Obesity & Dieting","Individualized Nutrition","1","primary_to_related"
"Obesity & Dieting","Lifestyle Habits","1","primary_to_related"
"Ordering","Constraints","2","primary_to_related"
"Ordering","Relative Position","1","primary_to_related"
"Ordering Constraints","Logic Games","1","primary_to_related"
"Painted Cubes","Counting","2","primary_to_related"
"Painted Cubes","Cubes","1","primary_to_related"
"Pattern Completion","Figure Series","1","primary_to_related"
"Pattern Recognition","Logical Sequence","1","primary_to_related"
"Per Capita Income","Socioeconomic","1","primary_to_related"
"Per Capita Income","Tele-density","1","primary_to_related"
"Percent of Total","Maximum Marks","1","primary_to_related"
"Percentage Difference","Comparison","1","primary_to_related"
"Political Development & Group Identity","Social Cleavages","1","primary_to_related"
"Political Development & Group Identity","Traditional vs Modern Identities","1","primary_to_related"
"Political Economy","Economic Power","1","primary_to_related"
"Political Economy","Politics-Economics Interdependence","1","primary_to_related"
"Political Theory","Citizen Rights","1","primary_to_related"
"Polygon Diagonals","Diagonals","1","primary_to_related"
"Polygon Diagonals","Geometry","1","primary_to_related"
"Popular Sovereignty","Consent of the Governed","1","primary_to_related"
"Popular Sovereignty","Social Contract","1","primary_to_related"
"Population Decline","Geometric Progression","1","primary_to_related"
"Positional Reasoning","Best-Worst","1","primary_to_related"
"Productive Employment & Inclusion","Informal Sector Jobs","1","primary_to_related"
"Productive Employment & Inclusion","Structural Transformation","1","primary_to_related"
"Ranking & Inequalities","Comparative Statements","1","primary_to_related"
"Ranking & Inequalities","Order","1","primary_to_related"
"Rates of Change","Graphs","1","primary_to_related"
"Rates of Change","Slope","1","primary_to_related"
"Ratio","Replacement","1","primary_to_related"
"Regulation & Economic Growth","Economic Competitiveness","2","primary_to_related"
"Regulation & Economic Growth","Regulatory Policy","2","primary_to_related"
"Relation Symbols","Blood Relations","1","primary_to_related"
"Relation Symbols","Family Tree","1","primary_to_related"
"Relative Progress","Rates","1","primary_to_related"
"Relative Progress","with Slippage","1","primary_to_related"
"Right to Education & Quality","Curricular Reform","5","primary_to_related"
"Right to Education & Quality","Universal Access","5","primary_to_related"
"Right Triangle","Broken Tree","1","primary_to_related"
"Right Triangle","Distance","1","primary_to_related"
"Rights and Duties","Community Solidarity","2","primary_to_related"
"Rights and Duties","Justice","2","primary_to_related"
"Sanitation Behavior","Open Defecation","1","primary_to_related"
"Sanitation Behavior","Purity-Pollution Norms","1","primary_to_related"
"Scheduling","Time-Distance","1","primary_to_related"
"Science & Faith","Limits of Science","1","primary_to_related"
"Science & Faith","Spirituality","1","primary_to_related"
"Science & Human Progress","Scientific Knowledge","1","primary_to_related"
"Science & Human Progress","Social Progress","1","primary_to_related"
"Seating Arrangement","Logic Puzzle","2","primary_to_related"
"Seating Arrangement","Ordering","1","primary_to_related"
"Seating Arrangement","Position Constraints","3","primary_to_related"
"Set Relations","Logical Deductions","1","primary_to_related"
"Set Theory","Inclusion-Exclusion","1","primary_to_related"
"Smallholder Farmers & Climate Risk","Climate Vulnerability","2","primary_to_related"
"Smallholder Farmers & Climate Risk","Food Security","2","primary_to_related"
"Social Contract & General Will","Popular Sovereignty","1","primary_to_related"
"Social Contract & General Will","Rousseau","1","primary_to_related"
"Social Nature of Man","Human Society","1","primary_to_related"
"Social Nature of Man","Social Cooperation","1","primary_to_related"
"Soil Erosion & Food Security","Carbon Sequestration","1","primary_to_related"
"Soil Erosion & Food Security","Soil Degradation","1","primary_to_related"
"Statement & Conclusion","Conclusions","2","primary_to_related"
"Statement & Conclusion","Logical Inference","1","primary_to_related"
"Statement & Conclusion","Logical Validity","1","primary_to_related"
"Sum of Distances","Arithmetic Series","1","primary_to_related"
"Surface Area","Cube","1","primary_to_related"
"Sustainable Diets & Resources","Dietary Choices","1","primary_to_related"
"Sustainable Diets & Resources","Resource Use","1","primary_to_related"
"Syllogism","Statement Conclusions","1","primary_to_related"
"Telecom Infrastructure","Economic Growth","1","primary_to_related"
"Telecom Infrastructure","Socioeconomic","1","primary_to_related"
"Time-Distance","Overtaking","1","primary_to_related"
"Trend Analysis","Birth/Death Rates","1","primary_to_related"
"Trend Analysis","Growth Rate","1","primary_to_related"
"Trend Analysis","Population","2","primary_to_related"
"Tuberculosis & Social Determinants","Poverty","1","primary_to_related"
"Tuberculosis & Social Determinants","Stigma","1","primary_to_related"
"Urban Planning & Inclusion","Participatory Planning","1","primary_to_related"
"Urban Planning & Inclusion","Urban Poor","1","primary_to_related"
"Urban Sanitation & Public Health","Manual Scavenging","1","primary_to_related"
"Urban Sanitation & Public Health","Sanitation Policy","1","primary_to_related"
"Venn Diagram","Logical Deductions","1","primary_to_related"
"Venn Diagram","Percent Overlap","1","primary_to_related"
"Weekday Counting","Calendar Arithmetic","1","primary_to_related"
"Weighted Average","Percentage","1","primary_to_related"
"Wildlife Corridors & Conservation","Habitat Connectivity","2","primary_to_related"
"Wildlife Corridors & Conservation","Human-Wildlife Conflict","2","primary_to_related"
"Work & Leisure","Leisure Balance","1","primary_to_related"
"Work & Leisure","Work Ethic","1","primary_to_related"
"Work Rates","Combined Work","1","primary_to_related"
