"questionId","year","subject","questionType","reasoning_type","difficulty","static_vs_dynamic","suggested_difficulty","suggested_static_vs_dynamic","suggested_reasoning_type","passage_id","suggested_passage_id","question_nature","suggested_question_nature","primary_concept","concepts","concept_suggestions","questionText"
"UPSC_2017_CSAT_Q1","2017","Aptitude","mcq_standard","Inference","medium","static","medium","static","elimination","CSAT_2017_P1","","","","Climate Change & Resource Conflicts","Resource Scarcity; Environmental Conflict; Water Conflicts","","What does the above passage imply?"
"UPSC_2017_CSAT_Q11","2017","Aptitude","mcq_standard","Elimination","medium","static","medium","static","elimination","","","","","Calendar and Working Days","Weekday Counting; Calendar Arithmetic","","If second and fourth Saturdays and all the Sundays are taken as only holidays for an office, what would be the minimum number of possible working days of any month of any year?"
"UPSC_2017_CSAT_Q12","2017","Aptitude","mcq_standard","Elimination","medium","static","medium","static","elimination","","","","","Exponential Decay","Population Decline; Geometric Progression","","If there is a policy that 1/3rd of a population of a community has migrated every year from one place to some other place, what is the leftover population of that community after the sixth year, if there is no further growth in the population during this period?"
"UPSC_2017_CSAT_Q13","2017","Aptitude","mcq_standard","Elimination","medium","static","medium","static","elimination","","","","","Scheduling and Sequencing","Logic Games; Ordering Constraints","","Four tests???Physics, Chemistry, Mathematics and Biology???are to be conducted on four consecutive days, not necessarily in the same order. Physics test is held before the test which is conducted after Biology Chemistry is conducted exactly after two tests are held Which is the last test held?"
"UPSC_2017_CSAT_Q14","2017","Aptitude","mcq_standard","Elimination","medium","static","medium","static","elimination","","","","","Linear Equations and Inequalities","Income Comparison; Algebraic Reasoning","","The sum of income of A and B is more than that of C and D taken together. The sum of income of A and C is the same as that of B and D taken together. Moreover, A earns half as much as the sum of the income of B and D. Whose income is the highest?"
"UPSC_2017_CSAT_Q15","2017","Aptitude","mcq_standard","Inference","medium","static","medium","static","elimination","","","","","Statement and Conclusion","Logical Inference; Conclusions","","Statement: Good voice is a natural gift but one has to keep practising to improve and excel well in the field of music. Conclusions: I. Natural gifts need nurturing and care. II. Even though ones voice is not good, one can keep practising."
"UPSC_2017_CSAT_Q16","2017","Aptitude","mcq_standard","Elimination","medium","static","medium","static","elimination","","","","","Relative Progress with Slips","Arithmetic Progression; Rates","","Three pillars X, Y and Z of different heights. Spiders A, B and C climb: A: +6 cm, slips 1 cm ??? net 5 cm B: +7 cm, slips 3 cm ??? net 4 cm C: +6.5 cm, slips 2 cm ??? net 4.5 cm Each takes 40 chances to reach top. Find height of shortest pillar."
"UPSC_2017_CSAT_Q17","2017","Aptitude","mcq_standard","Elimination","medium","static","medium","static","elimination","","","","","Rights and Social Well-being","Political Theory; Citizen Rights","","???Rights are certain advantageous conditions of social well-being indispensable to the true development of the citizen.??? Correct understanding:"
"UPSC_2017_CSAT_Q18","2017","Aptitude","mcq_standard","Elimination","medium","static","medium","static","elimination","","","","","Ranking and Positions","Ordering; Relative Position","","15 students failed in a class of 52. Merit list after removing failures ??? Ramesh is 22nd from top. What is his position from bottom?"
"UPSC_2017_CSAT_Q19","2017","Aptitude","mcq_standard","Elimination","medium","static","medium","static","elimination","","","","","Blood Relations (Symbolic)","Relation Symbols; Family Tree","","A + B ??? A is son of B A ??? B ??? A is wife of B Expression: P + R ??? Q"
"UPSC_2017_CSAT_Q2","2017","Aptitude","mcq_standard","Main Idea","medium","static","medium","static","elimination","CSAT_2017_P2","","","","Decision-Making & Perseverance","Resolution; Perseverance; Indecision","","The keynote that seems to be emerging from the passage is that:"
"UPSC_2017_CSAT_Q21","2017","Aptitude","mcq_standard","Main Idea","medium","static","medium","static","elimination","CSAT_2017_P9","","","","National Integration & Civic Responsibility","Communalism; Citizenship Duties; Social Cohesion","","The challenge the author of the above passage throws to the public is to achieve"
"UPSC_2017_CSAT_Q22","2017","Aptitude","mcq_standard","Main Idea","medium","static","medium","static","elimination","CSAT_2017_P10","","","","Social Contract & General Will","Rousseau; Popular Sovereignty","","In the light of the above passage, the nature of General Will is best described as"
"UPSC_2017_CSAT_Q23","2017","Aptitude","mcq_standard","Inference","medium","static","medium","static","elimination","CSAT_2017_P11","","","","Democratic Political Maturity","Sovereignty; Democratic Legitimacy","","What does the above passage imply?"
"UPSC_2017_CSAT_Q24","2017","Aptitude","mcq_standard","Main Idea","medium","static","medium","static","elimination","CSAT_2017_P12","","","","Civic Participation & Voting Duty","Political Participation; Electoral Responsibility","","This passage relates to"
"UPSC_2017_CSAT_Q25","2017","Aptitude","mcq_standard","Inference","medium","static","medium","static","elimination","CSAT_2017_P13","","","","Leadership & Political Legitimacy","Democratic Leadership; Dictatorship","","The passage seems to suggest that"
"UPSC_2017_CSAT_Q26","2017","Aptitude","mcq_standard","Assumption","medium","static","medium","static","assumption","CSAT_2017_P14","","","","Leisure and Human Progress","Creativity; Technological Progress","","With reference to the above passage, the following assumptions have been made: People always see leisure time as a gift and use it for acquiring more material possessions. Use of leisure by some people to produce new and original things has been the chief source of human progress. Which of these assumptions is/are valid?"
"UPSC_2017_CSAT_Q27","2017","Aptitude","mcq_standard","Assumption","medium","static","medium","static","assumption","CSAT_2017_P15","","","","Historical Lessons for Leadership","Military History; Leadership Traits","","With reference to the above passage, the following assumptions have been made: A study of the famous battles of history would help us understand the modern warfare. Studying the history is essential for anyone who aspires to be a leader. Which of these assumptions is/are valid?"
"UPSC_2017_CSAT_Q28","2017","Aptitude","mcq_standard","Elimination","medium","static","medium","static","elimination","","","","","Averages","Weighted Average; Mean Calculation","","Suppose the average weight of 9 persons is 50 kg. The average weight of the first 5 persons is 45 kg, whereas the average weight of the last 5 persons is 55 kg. Then the weight of the 5th person will be"
"UPSC_2017_CSAT_Q29","2017","Aptitude","mcq_standard","Elimination","medium","static","medium","static","elimination","","","","","Grouping and Selection","Logic Games; Set Constraints","","In a group of six women, there are four tennis players, four postgraduates in Sociology, one postgraduate in Commerce and three bank employees. Vimala and Kamala are the bank employees while Amala and Komala are unemployed. Komala and Nirmala are among the tennis players. Amala, Kamala, Komala and Nirmala are postgraduates in Sociology of whom two are bank employees. If Shyamala is a postgraduate in Commerce, who among the following is both a tennis player and a bank employee?"
